{"_runtime":3.082686,"_step":99,"_wandb":{"runtime":3},"loss":1.1203006505966187,"learning_rate":0.001,"_timestamp":1.731428211198622e+09}