{"_wandb":{"runtime":33},"loss":6.431771907955408e-05,"learning_rate":0.0001,"_timestamp":1.73143490301015e+09,"_runtime":33.779098,"_step":9999}