{"_wandb":{"runtime":2},"learning_rate":0.0001,"_timestamp":1.731430883095229e+09,"_runtime":2.857056,"_step":99,"loss":1.3388018608093262}