{"loss":1.1759345531463623,"learning_rate":0.0001,"_timestamp":1.731433204152642e+09,"_wandb":{"runtime":2},"_runtime":2.737192,"_step":99}