{"_step":99,"loss":1.1387144327163696,"learning_rate":0.0001,"_wandb":{"runtime":2},"_timestamp":1.7314309683328e+09,"_runtime":2.658093}