{"loss":1.2161884307861328,"learning_rate":0.0001,"_wandb":{"runtime":2},"_timestamp":1.7314290127321851e+09,"_runtime":2.733263,"_step":99}