{"_wandb":{"runtime":5},"learning_rate":0.0001,"_timestamp":1.731434136815139e+09,"_runtime":5.341155,"_step":999,"loss":0.27863436937332153}