{"_step":99,"_wandb":{"runtime":5},"loss":1.0860594511032104,"learning_rate":0.0001,"_timestamp":1.731432627861217e+09,"_runtime":5.608168}