{"_runtime":5.017924,"_step":999,"loss":0.2854844927787781,"learning_rate":0.0001,"_wandb":{"runtime":5},"_timestamp":1.731433241112891e+09}