{"_timestamp":1.731431361059783e+09,"_runtime":2.573216,"_step":99,"loss":1.1323373317718506,"learning_rate":0.0001,"_wandb":{"runtime":2}}