{"_step":9,"loss":1.5809686183929443,"learning_rate":0.0001,"_wandb":{"runtime":2},"_timestamp":1.73143534274025e+09,"_runtime":2.480586}