{"loss":1.9942370272474363e-05,"learning_rate":0.0001,"_wandb":{"runtime":33},"_timestamp":1.7314343406006231e+09,"_runtime":33.973809,"_step":9999}