{"_step":99,"loss":1.2372843027114868,"learning_rate":0.0001,"_timestamp":1.7314311245195708e+09,"_runtime":3.826026,"_wandb":{"runtime":3}}