{"_runtime":2.553093,"_wandb":{"runtime":2},"_step":99,"loss":1.1182924509048462,"learning_rate":0.0001,"_timestamp":1.7314313866628869e+09}