{"loss":1.1669694185256958,"learning_rate":0.0001,"_timestamp":1.731431173010493e+09,"_runtime":3.067512,"_wandb":{"runtime":3},"_step":99}