{"loss":6.888814823469147e-05,"learning_rate":0.0001,"_timestamp":1.731435187815892e+09,"_runtime":33.216599,"_step":9999,"_wandb":{"runtime":33}}