{"_wandb":{"runtime":31},"loss":4.536904816632159e-05,"learning_rate":0.0001,"_timestamp":1.7314341992998312e+09,"_runtime":31.579866,"_step":9999}